group,id,item,language,misc,f1_start,f2_start,f1_cent,f2_cent,vot,ri,cog,sd,sk,kt,label,rep_n,phon,voicing,stress
bi_aldrich,P02,passivity,english,5,231.83,790.89,230.72,778.33,86.22,6.13,243.14,311.79,14.94,360.96,NA,1,p,voiceless,unstressed
bi_aldrich,P02,pageant,english,5,193.65,967.35,283.37,956.36,73.71,8.3,443.16,761.38,4.62,40.71,NA,1,p,voiceless,stressed
bi_aldrich,P02,passion,english,5,503,777.28,443.98,668.04,87.03,7.39,178.6,212.21,10.33,300.68,NA,1,p,voiceless,stressed
bi_aldrich,P02,pangaea,english,5,229.65,779.69,447.47,811.83,82.33,9.39,223.81,264.06,18.72,501.24,NA,1,p,voiceless,unstressed
bi_aldrich,P02,pander,english,5,372.19,789.96,455.19,703.95,85.73,9.53,153.87,284.21,14.51,343.59,NA,1,p,voiceless,stressed
bi_aldrich,P02,patty,english,5,535.74,816.53,506.61,808.99,90.87,6.76,265.02,350.43,16.34,370.86,NA,1,p,voiceless,stressed
bi_aldrich,P02,package,english,5,560.55,824.69,467,822.88,80.91,8.49,249.83,400.72,12.04,214.25,NA,1,p,voiceless,stressed
bi_aldrich,P02,posterity,english,5,614.9,927.93,471.81,683.91,88.14,4.84,240.66,370.73,15.28,331.39,NA,1,p,voiceless,unstressed
bi_aldrich,P02,pontoon,english,5,596.78,987.03,342.01,565.82,86.6,-0.72,112.51,175.99,19.44,800.39,NA,1,p,voiceless,unstressed
bi_aldrich,P02,paddle,english,5,662.63,898.88,486.95,777.42,98.74,3.62,227.42,229.19,14.36,437.74,NA,1,p,voiceless,stressed
bi_aldrich,P02,pancake,english,5,231.97,815.37,463.75,829.87,71.54,3.21,200.71,235.12,16.64,510.08,NA,1,p,voiceless,stressed
bi_aldrich,P02,pompeii,english,5,235.6,722.44,385.43,562.66,65.53,8.22,190.23,338.75,15.97,368.77,NA,1,p,voiceless,unstressed
bi_aldrich,P02,pontific,english,5,523.51,737.95,436.01,734.14,120.3,3.22,153.16,264.05,15.7,411.1,NA,1,p,voiceless,unstressed
bi_aldrich,P02,pacto,spanish,5,372.45,603.27,405.06,606.28,8.19,2.98,337.62,281.29,5.81,149.37,NA,1,p,voiceless,stressed
bi_aldrich,P02,patente,spanish,5,258.88,683.19,357.35,641.91,8.63,6.48,209.75,420.13,11.18,166.16,NA,1,p,voiceless,unstressed
bi_aldrich,P02,papel,spanish,5,305.78,642.44,392.68,617.56,8.85,7.08,198.32,270.61,8.61,209.15,NA,1,p,voiceless,unstressed
bi_aldrich,P02,pandilla,spanish,5,320.76,604.63,450.82,694.57,8.24,5.04,151.93,180.5,11.76,450.85,NA,1,p,voiceless,unstressed
bi_aldrich,P02,patriota,spanish,5,347.97,623.14,438.05,712.5,13.16,8.25,213.7,378.76,9.02,139.23,NA,1,p,voiceless,unstressed
bi_aldrich,P02,paso,spanish,5,372.34,607.53,470.28,697.83,14.79,7.32,393.57,729.05,7.41,69.48,NA,1,p,voiceless,stressed
bi_aldrich,P02,paja,spanish,5,363.94,548.35,514.18,640.29,9.37,5.06,415.57,650.26,8.14,90.57,NA,1,p,voiceless,stressed
bi_aldrich,P02,pantera,spanish,5,340.04,583.03,443.47,723.92,12.23,2.88,106.32,232.96,16.04,438.47,NA,1,p,voiceless,unstressed
bi_aldrich,P02,pasillo,spanish,5,326,604.6,372.6,704.41,20.23,6.38,188.93,458.13,10.18,160.16,NA,1,p,voiceless,unstressed
bi_aldrich,P02,pasión,spanish,5,317.42,590.44,403.5,712.65,13.7,7.81,167.88,262.89,11.18,279.05,NA,1,p,voiceless,unstressed
bi_aldrich,P02,pata,spanish,5,391.77,611.98,453.93,709.85,18.29,8.06,177.23,350.87,12.82,240.1,NA,1,p,voiceless,stressed
bi_aldrich,P02,paco,spanish,5,321.77,595.41,430.75,696.05,7.91,3.89,148.49,160.88,4.7,169,NA,1,p,voiceless,stressed
bi_aldrich,P02,paño,spanish,5,300.83,588.96,447.77,774.5,8.22,5.39,130.55,167.4,23.96,1083.57,NA,1,p,voiceless,stressed
bi_aldrich,P02,panza,spanish,5,349.45,608.95,454.03,712.91,8.32,3.59,139.76,159.44,14.11,683.56,NA,1,p,voiceless,stressed
bi_aldrich,P02,pasado,spanish,5,348.81,627.94,373.12,679.38,12.36,7.83,139.49,374.27,14.29,299.63,NA,1,p,voiceless,unstressed
bi_aldrich,P02,patria,spanish,5,409.63,632.03,473.58,728.91,9.08,5.12,374.95,540.06,11.71,164.56,NA,1,p,voiceless,stressed
bi_aldrich,P09,passable,english,5,589.92,800.28,558.21,772.27,89.62,2.09,144.66,355.27,17.69,395.58,NA,1,p,voiceless,stressed
bi_aldrich,P09,pageant,english,5,602.06,810.89,552.96,793.08,86.56,-3.96,92.33,307.51,24.33,681.62,NA,1,p,voiceless,stressed
bi_aldrich,P09,pompeii,english,5,228.33,623.64,239.3,628.37,76.29,10.89,330.35,630.12,7.87,87.82,NA,1,p,voiceless,unstressed
bi_aldrich,P09,paprika,english,5,555.46,814.96,469.97,754.08,64.89,-3.08,143.96,369.63,15.38,330.93,NA,1,p,voiceless,unstressed
bi_aldrich,P09,patty,english,5,575.39,797.15,571.82,769.4,76.99,-6.45,225.01,314.38,16.4,389.38,NA,1,p,voiceless,stressed
bi_aldrich,P09,paddle,english,5,667.28,692.75,555.61,785.01,111.03,-2.69,194.47,477.96,12.22,197.97,NA,1,p,voiceless,stressed
bi_aldrich,P09,pomposity,english,5,255.92,607.4,239.28,633.99,62.67,9.5,525.47,1161.16,5.11,33.11,NA,1,p,voiceless,unstressed
bi_aldrich,P09,pancake,english,5,466.69,927.49,364.3,875.99,84.83,2.36,329.36,605.36,5.68,52.38,NA,1,p,voiceless,stressed
bi_aldrich,P09,posterity,english,5,304.21,604.37,421.3,634,54.22,2.89,235.97,415.23,11.38,189.06,NA,1,p,voiceless,unstressed
bi_aldrich,P09,pontific,english,5,212.79,644.89,392.27,666.04,59.76,4.76,376.61,556.92,10.28,135,NA,1,p,voiceless,unstressed
bi_aldrich,P09,pangaea,english,5,311.89,960.92,317.72,896.99,75.22,-0.28,205.55,294.85,19.54,513.19,NA,1,p,voiceless,unstressed
bi_aldrich,P09,padlock,english,5,574.73,822.77,530.59,774.09,110.41,-4.96,180.42,355.64,16.12,342.81,NA,1,p,voiceless,stressed
bi_aldrich,P09,pander,english,5,416.64,938.94,269.16,822.83,115.25,-5.12,194.83,208.02,13.15,443.15,NA,1,p,voiceless,stressed
bi_aldrich,P09,pandora,english,5,264.93,937.5,293.71,844.27,52.56,3.18,112.06,308.61,17.2,415.1,NA,1,p,voiceless,unstressed
bi_aldrich,P09,passion,english,5,622.88,803.66,558.44,776.85,143.09,14.43,61.36,111.87,45.95,3542.11,NA,1,p,voiceless,stressed
bi_aldrich,P09,pacify,english,5,670.76,890.49,547.01,770.02,115.41,1.53,321,865.16,6.38,50.19,NA,1,p,voiceless,stressed
bi_aldrich,P09,passivity,english,5,575.28,846.08,494.9,796.04,73.96,1.83,240.88,419.26,12.64,226.99,NA,1,p,voiceless,unstressed
bi_aldrich,P09,pontoon,english,5,248,629.77,265.42,653.81,95.78,8.23,213.36,434.53,14.46,275.31,NA,1,p,voiceless,unstressed
bi_aldrich,P09,package,english,5,595.26,811.84,583.68,800.59,101.88,-0.27,236.48,296.75,15.21,356.09,NA,1,p,voiceless,stressed
bi_aldrich,P09,pandilla,spanish,5,438.02,785.98,498.65,699.63,9.58,2.4,278.33,319.82,11.34,229.89,NA,1,p,voiceless,unstressed
bi_aldrich,P09,pantera,spanish,5,465.43,703.3,503.69,732.6,8.99,1.34,349.61,462.09,9.31,136.88,NA,1,p,voiceless,unstressed
bi_aldrich,P09,panza,spanish,5,453.43,553.16,521.79,698.64,8.34,2.07,220.16,347.74,21.12,525.63,NA,1,p,voiceless,stressed
bi_aldrich,P09,paja,spanish,5,310.69,535.2,522.57,661.31,9.46,3.21,139.85,321.93,15.84,371.9,NA,1,p,voiceless,stressed
bi_aldrich,P09,pasillo,spanish,5,409.93,718.22,479.83,746.66,9.05,-0.08,268.37,485.79,11.33,186.45,NA,1,p,voiceless,unstressed
bi_aldrich,P09,pasado,spanish,5,271.45,607.59,509.7,703.79,10.15,1.6,207.45,464.01,12.7,201.91,NA,1,p,voiceless,unstressed
bi_aldrich,P09,pacto,spanish,5,242.03,582.51,479.96,687.7,9.96,-2.83,227.61,414.21,12.9,228.33,NA,1,p,voiceless,stressed
bi_aldrich,P09,pagado,spanish,5,490.79,741.17,517.04,724.84,11.73,-7.17,105.36,118.77,14.61,845.47,NA,1,p,voiceless,unstressed
bi_aldrich,P09,paso,spanish,5,561.85,813.92,481.73,673.79,9.4,1.49,322.25,428.25,9.57,155.56,NA,1,p,voiceless,stressed
bi_aldrich,P09,pata,spanish,5,391.71,569.76,492.42,688.33,10.03,-3.82,127.32,127.63,13.72,746.19,NA,1,p,voiceless,stressed
bi_aldrich,P09,papel,spanish,5,364.07,528.04,457.81,655.75,11.13,3.84,291.56,555.84,11.35,173.04,NA,1,p,voiceless,unstressed
bi_aldrich,P09,pavor,spanish,5,288.64,584.24,493.37,671.24,13.02,2.92,316.1,693,8.59,101.35,NA,1,p,voiceless,unstressed
bi_aldrich,P09,patria,spanish,5,356.42,499.84,481.67,708.63,8.68,0.25,278.71,397.07,12.56,241.81,NA,1,p,voiceless,stressed
bi_aldrich,P09,paño,spanish,5,469.54,711.49,563.42,780.19,8.94,-1.23,329.5,279.87,5.29,111.85,NA,1,p,voiceless,stressed
bi_aldrich,P09,pasión,spanish,5,472.73,552,508.48,737.65,5.34,0.59,408.58,312.11,6.44,101.43,NA,1,p,voiceless,unstressed
bi_aldrich,P09,paco,spanish,5,463.12,679.3,525.18,732.7,10.57,0.97,108.08,275.67,20.77,573.1,NA,1,p,voiceless,stressed
bi_aldrich,P09,patriota,spanish,5,427.6,626.85,481.61,736.82,9.57,5.17,497.03,1028.83,6.96,53.55,NA,1,p,voiceless,unstressed
bi_aldrich,P09,patente,spanish,5,428.89,573.71,487.3,744.05,12.54,5.98,163.4,363.41,14.88,315.57,NA,1,p,voiceless,unstressed
bi_aldrich,P10,pangaea,english,5,458.88,887.36,496.86,857.19,15.74,10.21,924.16,862.61,3.06,19.69,NA,1,p,voiceless,unstressed
bi_aldrich,P10,pontoon,english,5,583.52,633.15,515.37,629.41,98.8,12.74,288.32,294.54,12.7,308.64,NA,1,p,voiceless,unstressed
bi_aldrich,P10,pander,english,5,543.13,875.75,550.43,828.01,80.49,10.2,265.29,610.82,5.79,51.77,NA,1,p,voiceless,stressed
bi_aldrich,P10,pandora,english,5,504.54,878.88,540.61,821.59,43.28,10.32,397.89,394.1,11.19,213.87,NA,1,p,voiceless,unstressed
bi_aldrich,P10,padlock,english,5,511.79,848.65,532.64,801.73,76.95,11.64,601.28,762.82,4.84,39.22,NA,1,p,voiceless,stressed
bi_aldrich,P10,posterity,english,5,266.62,648.49,462.53,665.09,60.31,14.11,404.61,647.84,5.26,51.09,NA,1,p,voiceless,unstressed
bi_aldrich,P10,pancake,english,5,477.7,892.37,528.53,868.43,41.81,8.23,427.59,471.27,7.45,104.79,NA,1,p,voiceless,stressed
bi_aldrich,P10,patty,english,5,515.56,863.66,521.84,833.75,72.56,12.31,464.36,571.49,7.64,93.36,NA,1,p,voiceless,stressed
bi_aldrich,P10,pageant,english,5,481.47,866.06,498.09,818.45,52.48,6.77,225.37,604.46,10.22,135.4,NA,1,p,voiceless,stressed
bi_aldrich,P10,package,english,5,506.98,884.71,523.66,845.35,49.26,13.58,1035.35,1562.43,3.57,14.29,NA,1,p,voiceless,stressed
bi_aldrich,P10,paddle,english,5,520.38,857.61,530.58,794.63,39.67,8.22,232.33,722.44,9.34,101.34,NA,1,p,voiceless,stressed
bi_aldrich,P10,pantera,spanish,5,428.7,683.85,522.51,757.79,4.13,2.86,217.75,329.68,14.38,319.63,NA,1,p,voiceless,unstressed
bi_aldrich,P10,paco,spanish,5,433.78,687.05,501.17,725.26,7.07,3.58,362.24,635.1,6.77,68.9,NA,1,p,voiceless,stressed
bi_aldrich,P10,pasión,spanish,5,406.07,704.65,505.43,768.48,5.5,5.67,169.06,285.54,15.67,374.6,NA,1,p,voiceless,unstressed
bi_aldrich,P10,paso,spanish,5,406.52,688.74,492.26,756.97,5.89,7.74,388.69,796.52,6.78,58.49,NA,1,p,voiceless,stressed
bi_aldrich,P10,pavor,spanish,5,427.51,669.07,517.97,708.01,9,7.5,304.04,585.92,10.4,134.64,NA,1,p,voiceless,unstressed
bi_aldrich,P10,pasado,spanish,5,430.13,676.95,532.27,730.48,4.05,5.24,278.39,503.6,10.38,151.25,NA,1,p,voiceless,unstressed
bi_aldrich,P10,pata,spanish,5,438.65,661.92,517.71,734.07,4.16,4.37,200.78,188.07,16.53,597.16,NA,1,p,voiceless,stressed
bi_aldrich,P10,papa,spanish,5,433.7,650.62,515.93,696.7,8.44,9.16,296.25,425.47,15.18,276.44,NA,1,p,voiceless,unstressed
bi_aldrich,P10,papel,spanish,5,348.85,654.11,431.83,700.14,8.31,11.31,88.72,368.56,13.92,249.25,NA,1,p,voiceless,unstressed
bi_aldrich,P10,pacto,spanish,5,431.08,681.77,541.99,730.64,4.96,6.83,298.1,537.14,7.36,87.35,NA,1,p,voiceless,stressed
bi_aldrich,P10,panza,spanish,5,449.54,641.06,544.32,733.61,4.26,3.65,413.61,473.27,7.83,119.58,NA,1,p,voiceless,stressed
bi_aldrich,P10,pasillo,spanish,5,433.94,710.55,513.32,767.57,4.1,6.05,191.71,296.04,20.15,559.58,NA,1,p,voiceless,unstressed
bi_aldrich,P10,patriota,spanish,5,427.97,671.84,498.25,758.74,2.9,5.57,457.42,714.21,8.52,89.68,NA,1,p,voiceless,unstressed
bi_aldrich,P12,package,english,5,597.06,837.95,571.94,819.87,59.62,12.04,272.92,410.43,10.44,166.17,NA,1,p,voiceless,stressed
bi_aldrich,P12,passion,english,5,595.96,794.47,580.88,807.68,71.64,11.36,374.65,382.4,9.07,170.45,NA,1,p,voiceless,stressed
bi_aldrich,P12,paprika,english,5,271.63,712.9,356.67,637.98,30.61,10.57,245.75,268.89,4.53,84.37,NA,1,p,voiceless,unstressed
bi_aldrich,P12,pangaea,english,5,379,905.55,405.52,874.75,64.05,6.44,173.32,369.61,15.74,343.61,NA,1,p,voiceless,unstressed
bi_aldrich,P12,pandora,english,5,450.94,925.8,400.19,870.15,49.72,7.12,198.23,370.58,13.08,250,NA,1,p,voiceless,unstressed
bi_aldrich,P12,padlock,english,5,577.28,799.17,566.21,785.62,63.99,7.03,253.5,358.3,8.76,141.66,NA,1,p,voiceless,stressed
bi_aldrich,P12,patty,english,5,577.14,838.68,574.3,820.29,43.31,2.45,191.62,207.34,11.94,296.41,NA,1,p,voiceless,stressed
bi_aldrich,P12,pompeii,english,5,226.78,640.51,445.49,626.94,47.26,5.89,131.02,143.45,7.72,294.15,NA,1,p,voiceless,unstressed
bi_aldrich,P12,pontific,english,5,250.12,619.81,285.83,642.05,61.37,10.16,629.84,729.76,6.57,66.06,NA,1,p,voiceless,unstressed
bi_aldrich,P12,pontoon,english,5,264.37,653.61,329.03,702.11,62.11,5.92,109.95,116.21,13.94,739.35,NA,1,p,voiceless,unstressed
bi_aldrich,P12,posterity,english,5,304.94,637.12,452.81,706.5,61.78,8.23,307.31,324.2,11.93,242.27,NA,1,p,voiceless,unstressed
bi_aldrich,P12,pacify,english,5,587.29,769.74,569.25,781.5,65.59,8.17,134.34,171.51,14.9,613.38,NA,1,p,voiceless,stressed
bi_aldrich,P12,pandemic,english,5,488.64,872.95,429.68,834.54,53.45,5.56,186.44,424.97,17.54,345.19,NA,1,p,voiceless,unstressed
bi_aldrich,P12,pander,english,5,459.3,968.34,362.4,885.77,62.78,5.73,199.94,193.54,5.66,159.29,NA,1,p,voiceless,stressed
bi_aldrich,P12,paddle,english,5,609.68,814.37,578.91,796.15,74.73,3.25,197.91,199.41,7.45,193.19,NA,1,p,voiceless,stressed
bi_aldrich,P12,paco,spanish,5,378.34,593.68,516.12,720.84,8.67,9.49,104.95,179.77,16.19,627.09,NA,1,p,voiceless,stressed
bi_aldrich,P12,pata,spanish,5,358.41,607.64,510.85,737.26,8.41,9.84,148.06,149.39,15.76,749.12,NA,1,p,voiceless,stressed
bi_aldrich,P12,paño,spanish,5,346.73,601.62,478.5,768.33,7.8,8.01,120.82,167.63,10.12,364.1,NA,1,p,voiceless,stressed
bi_aldrich,P12,patente,spanish,5,351.8,622.44,473.7,741.16,7.94,10.04,124.91,193.52,20.4,825.64,NA,1,p,voiceless,unstressed
bi_aldrich,P12,pastoso,spanish,5,361.53,617.66,464.2,742.98,8.82,8.77,109.21,158.65,25.08,1232.09,NA,1,p,voiceless,unstressed
bi_aldrich,P12,paja,spanish,5,371.33,614.18,530.06,732.42,8.11,9.88,191.14,239.07,3.75,72.48,NA,1,p,voiceless,stressed
bi_aldrich,P12,pagado,spanish,5,390.89,616.76,480.88,727.74,15.23,10.5,96.9,137.57,20.92,1019.32,NA,1,p,voiceless,unstressed
bi_aldrich,P12,pantera,spanish,5,367.93,603.79,481.76,754.74,7.89,3.88,123.21,150.81,22.4,1225.2,NA,1,p,voiceless,unstressed
bi_aldrich,P12,patria,spanish,5,392.76,599.79,524.04,756.85,15.25,13.49,156.79,209.24,13.04,420.5,NA,1,p,voiceless,stressed
bi_aldrich,P12,pacto,spanish,5,403.28,596.01,518.59,736.95,11.76,8.58,132.23,192.33,12.25,425.32,NA,1,p,voiceless,stressed
bi_aldrich,P12,pavor,spanish,5,381.04,596.52,487.98,643.49,8.03,8.02,134.72,156.25,13.18,554.73,NA,1,p,voiceless,unstressed
bi_aldrich,P12,paso,spanish,5,389.46,604.71,526.29,734.24,8.54,8.74,153.09,182.98,13.34,441.17,NA,1,p,voiceless,stressed
bi_aldrich,P12,pasión,spanish,5,379.14,611.43,462.44,746.45,8.54,5.85,124.99,157.53,16.36,719,NA,1,p,voiceless,unstressed
bi_aldrich,P12,pandilla,spanish,5,383.62,601.6,493.51,746.55,8.71,7.47,156.38,240.73,13.71,364.77,NA,1,p,voiceless,unstressed
bi_aldrich,P12,patriota,spanish,5,384.93,604.39,461.04,749.85,14.72,9.49,99.24,212.68,18.05,582.15,NA,1,p,voiceless,unstressed
bi_aldrich,P12,panza,spanish,5,380.33,603.98,515.65,747.67,12.56,10.75,110.27,158.88,19.76,926.4,NA,1,p,voiceless,stressed
bi_aldrich,P12,papel,spanish,5,398.92,614.7,465.24,658.83,14.83,10.7,123.93,172.32,16.96,684.36,NA,1,p,voiceless,unstressed
bi_aldrich,P12,pasado,spanish,5,414.53,631.35,473.59,753.44,16.12,10.17,133.2,223.52,10.73,318.29,NA,1,p,voiceless,unstressed
bi_aldrich,P12,pasillo,spanish,5,403.4,641.64,493.45,780.61,13.81,9.85,162.14,227.92,13.39,447.78,NA,1,p,voiceless,unstressed
bi_aldrich,P16,padlock,english,5,564.47,802.28,506.37,787.62,58.05,8.21,248.61,320.86,13.46,290.18,NA,1,p,voiceless,stressed
bi_aldrich,P16,posterity,english,5,292.25,615.61,431.85,670.62,64.29,13.02,436.14,519.8,7.32,95.21,NA,1,p,voiceless,unstressed
bi_aldrich,P16,pageant,english,5,538.21,867.75,488.31,837.32,40.19,10.23,904.38,1308.46,3.77,17.55,NA,1,p,voiceless,stressed
bi_aldrich,P16,pander,english,5,556.57,824.3,415.7,710.39,73.44,8.62,583.77,833.8,5.97,46.81,NA,1,p,voiceless,stressed
bi_aldrich,P16,pancake,english,5,606.17,725.54,451.36,736,42.3,14.01,417.2,941.12,5,32.69,NA,1,p,voiceless,stressed
bi_aldrich,P16,paprika,english,5,530.32,831.4,504.04,775.7,56.51,13.92,360.06,927.29,6.29,46.83,NA,1,p,voiceless,unstressed
bi_aldrich,P16,pontoon,english,5,550.46,875.84,452.28,699.48,72.08,15.72,169.74,693.5,10.45,124.24,NA,1,p,voiceless,unstressed
bi_aldrich,P16,patty,english,5,576.52,844.8,508.05,848.65,60.43,15.97,199.66,678.42,10.37,123.18,NA,1,p,voiceless,stressed
bi_aldrich,P16,pangaea,english,5,559.68,863.89,401.93,833.29,44.73,11.71,326.4,654.07,6.74,62.46,NA,1,p,voiceless,unstressed
bi_aldrich,P16,passable,english,5,398.36,812.39,508.83,796.68,64.58,13.84,697.35,1686.61,3.44,11.53,NA,1,p,voiceless,stressed
bi_aldrich,P16,passion,english,5,564.46,863.11,519.39,825.51,31.85,10.41,199.88,574.16,9.8,120.93,NA,1,p,voiceless,stressed
bi_aldrich,P16,paddle,english,5,513.96,823.96,527.35,779.94,56.78,18.52,239.56,743.82,8.36,79.72,NA,1,p,voiceless,stressed
bi_aldrich,P16,pandora,english,5,167.76,805.73,457,823.34,52.8,15.9,195.53,414.3,9.33,140.31,NA,1,p,voiceless,unstressed
bi_aldrich,P16,pomposity,english,5,337.5,621.93,367.03,589.06,83.59,9.43,416.35,596.22,7.25,85.76,NA,1,p,voiceless,unstressed
bi_aldrich,P16,package,english,5,560.24,828.78,518.99,834.6,69.22,16.43,608.37,1442.03,3.81,15.97,NA,1,p,voiceless,stressed
bi_aldrich,P16,pacify,english,5,532.37,779.24,515.44,782.96,56.58,9.85,201.22,483.95,13.1,207.3,NA,1,p,voiceless,stressed
bi_aldrich,P16,pompeii,english,5,349.76,544.94,410.18,493.34,73.05,12.62,534.4,1144.8,4.22,22.83,NA,1,p,voiceless,unstressed
bi_aldrich,P16,passivity,english,5,500.23,796.69,489.42,789.11,64.52,13.06,250.14,446.24,8.97,118.56,NA,1,p,voiceless,unstressed
bi_aldrich,P16,pontific,english,5,413.63,612.26,430.95,706.05,66.32,12.35,708.72,1780.57,3.81,14.1,NA,1,p,voiceless,unstressed
bi_aldrich,P16,paño,spanish,5,374.19,611.59,475.72,774.14,11.38,10.69,980.89,1394.51,3.29,12.13,NA,1,p,voiceless,stressed
bi_aldrich,P16,patriota,spanish,5,357.05,538.01,440.87,733.22,11.12,12.62,454.11,976.74,6.21,44.04,NA,1,p,voiceless,unstressed
bi_aldrich,P16,patria,spanish,5,373.63,630.64,426.25,695,12.5,16.07,142.22,481.43,12.97,210.28,NA,1,p,voiceless,stressed
bi_aldrich,P16,pasillo,spanish,5,387.7,673.56,409.02,768.82,9.55,10.02,218.12,460.66,14.1,248.49,NA,1,p,voiceless,unstressed
bi_aldrich,P16,pastoso,spanish,5,378.45,739.18,402.86,642.98,11.93,15.05,1035.29,1757.72,2.37,5.47,NA,1,p,voiceless,unstressed
bi_aldrich,P16,pavor,spanish,5,385.9,633.35,426.36,609.18,9.49,8.89,822.87,1185.93,4.14,20.36,NA,1,p,voiceless,unstressed
bi_aldrich,P16,pasión,spanish,5,352.34,738.25,446.83,740.38,8.21,11.23,155.12,306.14,12.99,305.44,NA,1,p,voiceless,unstressed
bi_aldrich,P16,patente,spanish,5,401.82,649.79,439.32,767.45,9.83,8.87,393.48,753.7,7.36,63.26,NA,1,p,voiceless,unstressed
bi_aldrich,P16,pagado,spanish,5,393.49,646.08,412.01,700.74,13.7,13.9,1039.04,1155.64,3.51,16.74,NA,1,p,voiceless,unstressed
bi_aldrich,P16,paso,spanish,5,432.76,680.82,502.23,730.66,8.79,8.72,694.25,1277.27,4.34,22.28,NA,1,p,voiceless,stressed
bi_aldrich,P16,pandilla,spanish,5,425.81,679.06,457.64,767.54,9.86,6.69,774.73,1560.47,3.74,16.12,NA,1,p,voiceless,unstressed
bi_aldrich,P16,papel,spanish,5,388.05,657.05,451.69,732.15,8.71,10.22,973.83,1660.24,2.98,9.23,NA,1,p,voiceless,unstressed
bi_aldrich,P16,paco,spanish,5,414.84,640.1,465.69,710.53,13.24,7.22,406.93,707.12,6.52,67.82,NA,1,p,voiceless,stressed
bi_aldrich,P16,paja,spanish,5,423.62,635.95,508.5,700.31,8.96,8.23,308.31,527.99,8.22,99.26,NA,1,p,voiceless,stressed
bi_aldrich,P16,pantera,spanish,5,350.15,635.26,457.37,744.59,14.77,15.59,339.43,825.34,7.03,53.59,NA,1,p,voiceless,unstressed
bi_aldrich,P16,pata,spanish,5,344.72,590.39,499.9,712.72,11.7,13.18,232.22,639.08,9.76,118.29,NA,1,p,voiceless,stressed
bi_aldrich,P16,pasado,spanish,5,339.25,604.48,365.28,710.76,9.42,9.01,293.4,382.52,12.01,251.63,NA,1,p,voiceless,unstressed
bi_aldrich,P16,panza,spanish,5,378.09,599.94,478.46,705.65,8.53,6.29,274.43,280.11,19.09,524.09,NA,1,p,voiceless,stressed
bi_aldrich,P16,pacto,spanish,5,412.48,632.78,483.13,692.15,8.7,3.76,266.61,344.02,12.12,237.97,NA,1,p,voiceless,stressed
bi_aldrich,P28,pandora,english,5,263.92,898.17,488.14,845.66,35.92,8.42,129,192.61,18.02,636.74,NA,1,p,voiceless,unstressed
bi_aldrich,P28,paprika,english,5,431.13,874.06,489.1,820.68,31.3,10.18,180.34,393.15,10.44,178.71,NA,1,p,voiceless,unstressed
bi_aldrich,P28,pangaea,english,5,261.51,914.77,479.99,869.02,25.76,10.07,378.86,955.49,7.76,63.71,NA,1,p,voiceless,unstressed
bi_aldrich,P28,padlock,english,5,527.19,865.43,540.56,769.43,48.3,12.05,256.74,439,5.98,76.86,NA,1,p,voiceless,stressed
bi_aldrich,P28,pontific,english,5,668.38,937.75,481.53,708.91,36.12,10.49,598.29,1181.6,4.99,27.85,NA,1,p,voiceless,unstressed
bi_aldrich,P28,package,english,5,618.19,844.2,491.19,796.69,70.51,6.34,245.97,293.83,4.97,70.49,NA,1,p,voiceless,stressed
bi_aldrich,P28,paddle,english,5,603.16,792.07,544.87,745.22,67.54,10.27,131.68,293.95,15.32,334.8,NA,1,p,voiceless,stressed
bi_aldrich,P28,pomposity,english,5,552.18,729.93,492.44,679.91,29.72,7.94,101.5,278.88,23.59,706.91,NA,1,p,voiceless,unstressed
bi_aldrich,P28,passion,english,5,559.7,860.03,538.36,796.21,71.08,6.65,378.67,773.56,6.43,56,NA,1,p,voiceless,stressed
bi_aldrich,P28,pacify,english,5,556.66,858.21,518.85,803.09,43.66,7.78,168.06,252.75,15.25,419.25,NA,1,p,voiceless,stressed
bi_aldrich,P28,pandemic,english,5,435.52,897.84,487.34,872.37,28.02,6.49,129.09,213.11,27,1067.96,NA,1,p,voiceless,unstressed
bi_aldrich,P28,pageant,english,5,538.25,888.23,510.61,804.35,42.48,7.35,139.81,218.12,19.84,700.36,NA,1,p,voiceless,stressed
bi_aldrich,P28,pontoon,english,5,209.89,730.28,478.1,750.05,42.98,7.1,111.41,207.91,19.35,635.38,NA,1,p,voiceless,unstressed
bi_aldrich,P28,passable,english,5,588.4,876.62,511.11,767.82,74.21,7.79,263.74,431.57,10.72,162.54,NA,1,p,voiceless,stressed
bi_aldrich,P28,passivity,english,5,375.09,855.07,454.25,859.2,24.2,5.7,395.25,738.08,6.21,49.05,NA,1,p,voiceless,unstressed
bi_aldrich,P28,patty,english,5,557.67,868.86,521.61,792.88,63.83,8.36,176.62,305.59,10.06,234.15,NA,1,p,voiceless,stressed
bi_aldrich,P28,posterity,english,5,582.69,682,440.14,669.96,40.81,9.1,100.72,214.33,18.83,538.43,NA,1,p,voiceless,unstressed
bi_aldrich,P28,pompeii,english,5,601.32,701.45,501.72,675.16,34.65,4.25,125.17,421.75,17.3,342.87,NA,1,p,voiceless,unstressed
bi_aldrich,P28,pander,english,5,490.93,964.48,495.38,853.53,75.42,9.31,161.89,404.33,14.03,249.88,NA,1,p,voiceless,stressed
bi_aldrich,P28,pancake,english,5,505.48,933.12,488.06,862.83,46.3,6.47,151.56,282.38,15.07,373.76,NA,1,p,voiceless,stressed
bi_aldrich,P28,pantera,spanish,5,446.51,636.27,512.36,738.23,12.14,9.62,1304.01,1597.93,2.56,8.45,NA,1,p,voiceless,unstressed
bi_aldrich,P28,patria,spanish,5,424.68,623.89,489.11,772.15,9.27,4.01,453.71,603.86,8.57,93.81,NA,1,p,voiceless,stressed
bi_aldrich,P28,paso,spanish,5,371.2,644.28,533.8,736.93,8.74,4.42,154.59,266.38,14.62,355.8,NA,1,p,voiceless,stressed
bi_aldrich,P28,paja,spanish,5,431.93,626.64,582.68,723.21,8.2,4.89,166.57,269.7,14.33,365.86,NA,1,p,voiceless,stressed
bi_aldrich,P28,patriota,spanish,5,414.15,716.44,500.49,768.42,8.19,4.03,142.26,291.49,14.36,333.4,NA,1,p,voiceless,unstressed
bi_aldrich,P28,panza,spanish,5,380.57,683.67,500.64,724.54,13.72,9.02,192.46,381.52,7.77,110.45,NA,1,p,voiceless,stressed
bi_aldrich,P28,papel,spanish,5,381.35,624.6,489.14,678.66,16.12,11.38,332.87,717.27,6.15,56.75,NA,1,p,voiceless,unstressed
bi_aldrich,P28,pandilla,spanish,5,487.42,704.09,521.97,781.92,7.92,4.82,440.38,311.18,12.84,334.27,NA,1,p,voiceless,unstressed
bi_aldrich,P28,pavor,spanish,5,364.29,586.88,456.16,648.96,15.52,12.86,244.2,575.86,7.53,85.77,NA,1,p,voiceless,unstressed
bi_aldrich,P28,paco,spanish,5,372.34,572.76,424.45,624.1,8.46,2.96,116.59,294.28,22.66,627,NA,1,p,voiceless,stressed
bi_aldrich,P28,pata,spanish,5,431.94,501.49,537.21,702.49,9.04,3.09,269.44,428.53,12.9,231.04,NA,1,p,voiceless,stressed
bi_aldrich,P28,paño,spanish,5,399.18,619.26,553.77,740.67,8.75,8.83,130.19,247.3,14.21,350.67,NA,1,p,voiceless,stressed
bi_aldrich,P28,pasado,spanish,5,408.51,607.62,481.96,709.06,18.73,11.05,773.71,1392.98,3.25,11.77,NA,1,p,voiceless,unstressed
bi_aldrich,P28,pasillo,spanish,5,405.58,575.46,517.06,740.51,9.31,4.7,149.91,319.05,18.85,460.25,NA,1,p,voiceless,unstressed
bi_aldrich,P28,pastoso,spanish,5,410.36,585.76,505.57,712.18,7.1,5.68,114.6,272.61,15.98,366.78,NA,1,p,voiceless,unstressed
bi_aldrich,P28,pacto,spanish,5,444.47,645.44,534.44,710.15,7.21,8.43,267.49,345.71,11.95,248.37,NA,1,p,voiceless,stressed
bi_aldrich,P28,pasión,spanish,5,427.97,665.63,518.37,743.55,7.52,7.75,127.31,310.64,13.03,282.75,NA,1,p,voiceless,unstressed
bi_aldrich,P28,patente,spanish,5,396.89,525.09,496.46,757.17,8.91,6.02,327.11,594.29,6.01,60.23,NA,1,p,voiceless,unstressed
bi_aldrich,P41,pander,english,5,562.38,838.51,520.99,840.94,63.39,9.45,1098.15,1250.89,2.32,8.88,NA,1,p,voiceless,stressed
bi_aldrich,P41,pancake,english,5,508.97,833.69,524.57,841.45,49.27,8.06,1041.42,1391.28,2.91,10.31,NA,1,p,voiceless,stressed
bi_aldrich,P41,posterity,english,5,508.63,671.03,478.6,698.9,21.15,13.31,631.11,1549.3,3.73,14.53,NA,1,p,voiceless,unstressed
bi_aldrich,P41,paddle,english,5,507.92,829.59,528.46,802.46,40.86,11.76,928.47,1823.15,3.22,10.71,NA,1,p,voiceless,stressed
bi_aldrich,P41,passion,english,5,563.22,802.23,521.98,813.5,65.98,8.28,353.56,713.99,8.81,94.24,NA,1,p,voiceless,stressed
bi_aldrich,P41,pacify,english,5,341.83,814.87,325.62,819.42,50.99,19.32,291.39,940.65,7.13,57.97,NA,1,p,voiceless,stressed
bi_aldrich,P41,paprika,english,5,304.8,784.89,336.74,747.66,35.33,11.81,228.04,679.46,8.15,84.65,NA,1,p,voiceless,unstressed
bi_aldrich,P41,pangaea,english,5,489.64,853.38,482.17,869.01,67.89,22.18,583.01,828.74,3.76,23.25,NA,1,p,voiceless,unstressed
bi_aldrich,P41,passivity,english,5,416.75,827.11,494.62,824.65,38.41,12.48,218.25,681.14,8.04,86.43,NA,1,p,voiceless,unstressed
bi_aldrich,P41,package,english,5,538.82,830.72,519.59,834.79,44.86,7.79,483.4,732,8.13,82.78,NA,1,p,voiceless,stressed
bi_aldrich,P41,pontific,english,5,354.56,753.39,409.23,754.1,47.43,17.36,301.99,1085.52,6.33,42.7,NA,1,p,voiceless,unstressed
bi_aldrich,P41,pandemic,english,5,458.3,848.91,480.73,852.66,43.63,8.67,959.33,1792.82,2.72,8.05,NA,1,p,voiceless,unstressed
bi_aldrich,P41,pontoon,english,5,288.55,656.14,517.77,711.71,61.21,15.17,582.86,1271.62,4.39,20.42,NA,1,p,voiceless,unstressed
bi_aldrich,P41,pompeii,english,5,519.68,742.06,532.4,669.13,30.28,16.46,678.83,1131.58,5.51,36.22,NA,1,p,voiceless,unstressed
bi_aldrich,P41,pageant,english,5,462.72,856.76,453.28,851.59,46.65,15.38,446.46,970.25,4.96,31.67,NA,1,p,voiceless,stressed
bi_aldrich,P41,pomposity,english,5,549.92,754.44,473.58,740.17,45.43,15.94,534.32,1103.98,5.54,35.36,NA,1,p,voiceless,unstressed
bi_aldrich,P41,padlock,english,5,505.46,829.15,515.53,818.02,55.6,10.48,608.57,1657.37,3.94,15.91,NA,1,p,voiceless,stressed
bi_aldrich,P41,patty,english,5,504.09,835.58,521.97,843.09,53.91,12.86,545.1,1312.16,4.15,18.21,NA,1,p,voiceless,stressed
bi_aldrich,P41,passable,english,5,510.03,806.63,490.27,794.57,64.75,13.23,345.44,664.71,7.99,83.55,NA,1,p,voiceless,stressed
bi_aldrich,P41,patente,spanish,5,432.51,656.74,470.54,762.96,20.32,18.01,1254.41,2059.61,2.48,6.12,NA,1,p,voiceless,unstressed
bi_aldrich,P41,pasado,spanish,5,377.44,590.06,470.54,730.78,17.64,17.45,1411.35,2313.76,2.24,4.41,NA,1,p,voiceless,unstressed
bi_aldrich,P41,patriota,spanish,5,416.11,525.01,439.79,690.78,17.08,15.09,750.96,954.84,3.79,20.75,NA,1,p,voiceless,unstressed
bi_aldrich,P41,pata,spanish,5,455.47,609.06,515.87,743.91,33.66,12.42,804.97,728.75,3.5,21.28,NA,1,p,voiceless,stressed
bi_aldrich,P41,panza,spanish,5,494.03,665.83,552.87,744.51,16.73,16.58,829.67,1741.89,3.16,9.87,NA,1,p,voiceless,stressed
bi_aldrich,P41,pasillo,spanish,5,439.71,646.35,476.63,749.67,17.96,14.41,666.59,1237.25,4.95,26.53,NA,1,p,voiceless,unstressed
bi_aldrich,P41,paño,spanish,5,459.32,675.76,536.01,809.75,15.6,15.74,1573.67,1969.79,1.69,2.84,NA,1,p,voiceless,stressed
bi_aldrich,P41,pastoso,spanish,5,422.02,640.8,454.91,754.04,12.86,9.47,560.15,1091.49,5.58,36.88,NA,1,p,voiceless,unstressed
bi_aldrich,P41,papel,spanish,5,397.83,621.55,439.06,640.58,8.29,6.99,802.05,1391.75,4.34,20.99,NA,1,p,voiceless,unstressed
bi_aldrich,P41,pandilla,spanish,5,424.83,636.83,486.31,777.38,16.57,12.98,796.2,1069.58,3.6,19.68,NA,1,p,voiceless,unstressed
bi_aldrich,P41,pantera,spanish,5,401.36,629.69,499.64,770.42,18.9,12.28,843.07,1021.92,4.46,29.14,NA,1,p,voiceless,unstressed
bi_aldrich,P41,pasión,spanish,5,370.81,585.18,440.13,722.25,13.41,11.26,625.56,1122.12,4.52,23.64,NA,1,p,voiceless,unstressed
bi_aldrich,P41,pacto,spanish,5,417.34,606.33,497.36,653.56,10.72,9.45,642.93,929.75,4.78,30.67,NA,1,p,voiceless,stressed
bi_aldrich,P41,patria,spanish,5,415.58,638.04,458.25,770.24,16.49,13.29,502.11,909.96,5.28,38.79,NA,1,p,voiceless,stressed
bi_aldrich,P41,paja,spanish,5,398.08,588.72,528.69,681.72,16.46,9.4,250.78,751.91,8.91,92.09,NA,1,p,voiceless,stressed
bi_aldrich,P41,paco,spanish,5,424.91,608.62,544.69,664.07,11.39,10.27,978.86,1720.93,3.28,11.19,NA,1,p,voiceless,stressed
bi_aldrich,P52,patty,english,5,552.48,871.83,548.75,791.08,54.29,6.47,346.54,560.78,5.52,56.66,NA,1,p,voiceless,stressed
bi_aldrich,P52,pontoon,english,5,531.49,711.43,483.41,641.4,62.01,19.23,354.97,883.91,7.1,60.02,NA,1,p,voiceless,unstressed
bi_aldrich,P52,posterity,english,5,279.42,563.48,468.85,704.1,52.27,11.26,294.62,862.53,8.49,83.83,NA,1,p,voiceless,unstressed
bi_aldrich,P52,pageant,english,5,579.94,778.87,517.18,789.93,113.93,13.7,701.32,1087.05,4.04,23.87,NA,1,p,voiceless,stressed
bi_aldrich,P52,package,english,5,586.46,834.63,535.99,791.19,91.96,8.75,247.93,573.23,8.17,96.42,NA,1,p,voiceless,stressed
bi_aldrich,P52,pacify,english,5,583.95,839.32,538.11,744.26,68.97,21.98,840.02,1131.43,3.19,16.36,NA,1,p,voiceless,stressed
bi_aldrich,P52,paddle,english,5,550.25,788.28,543.27,762.78,135.65,13.51,301.11,595.64,9.84,131.14,NA,1,p,voiceless,stressed
bi_aldrich,P52,pandora,english,5,428.48,836.2,499.03,821.18,22.78,16.06,669.38,1064.77,4.48,27.77,NA,1,p,voiceless,unstressed
bi_aldrich,P52,pandemic,english,4,544.47,880.8,509.38,823.11,48.05,16.74,330.75,786.6,7.35,70.13,NA,1,p,voiceless,unstressed
bi_aldrich,P52,pangaea,english,5,355.84,845.63,460.77,851.5,36.49,21.89,1031.48,1863.08,2.22,5.25,NA,1,p,voiceless,unstressed
bi_aldrich,P52,pander,english,5,530.67,896.82,506.85,839.23,50.74,15.2,736.27,972.42,3.78,24.39,NA,1,p,voiceless,stressed
bi_aldrich,P52,passivity,english,5,267.35,768.85,365.55,771.7,22.6,12.3,836.42,1337.45,3.63,15.67,NA,1,p,voiceless,unstressed
bi_aldrich,P52,paprika,english,5,573.45,871.27,538.52,808.84,24.89,10.84,1324.35,1273.08,2.59,11.16,NA,1,p,voiceless,unstressed
bi_aldrich,P52,pompeii,english,5,518.08,734.11,520.82,654.48,38.46,17.7,328.37,652.82,8.24,96.67,NA,1,p,voiceless,unstressed
bi_aldrich,P52,pancake,english,5,488.45,854.23,470.63,727.88,48.66,14.63,452.17,875.85,7.73,69.27,NA,1,p,voiceless,stressed
bi_aldrich,P52,passion,english,5,577.28,829.16,546.82,764.81,97.16,9.37,592.89,1334.66,4.75,24.98,NA,1,p,voiceless,stressed
bi_aldrich,P52,pomposity,english,5,554.97,921.33,492.17,600.07,30.3,4.8,305.13,498.25,10.83,164.2,NA,1,p,voiceless,unstressed
bi_aldrich,P52,padlock,english,5,587.95,816.55,527.3,752.86,83.35,8.98,341.5,675.74,8.12,87.6,NA,1,p,voiceless,stressed
bi_aldrich,P52,pontific,english,5,200.45,643.03,421.16,642.75,26.52,12.43,1200.98,1555.9,3.69,16.49,NA,1,p,voiceless,unstressed
bi_aldrich,P52,pasión,spanish,5,392.66,651.67,472.98,748.27,9.09,10.6,728.34,891.46,5.87,47.65,NA,1,p,voiceless,unstressed
bi_aldrich,P52,pasado,spanish,5,421.8,605.4,508.93,740.94,7.36,6.67,193.76,303.23,12.29,271.67,NA,1,p,voiceless,unstressed
bi_aldrich,P52,patente,spanish,5,419.75,616.69,490.61,724.85,8.96,8.7,538.07,1082.12,6.19,43.05,NA,1,p,voiceless,unstressed
bi_aldrich,P52,patriota,spanish,5,415.72,677.23,495.42,741.08,14.11,13.56,955.83,1542.63,3.86,17,NA,1,p,voiceless,unstressed
bi_aldrich,P52,paja,spanish,5,364.36,689.73,536.21,687.48,4.18,5.47,318.73,309.52,12.07,279,NA,1,p,voiceless,stressed
bi_aldrich,P52,pata,spanish,5,385.16,650.7,524.04,709.85,9.64,13.11,729.15,1031.07,5.22,37.72,NA,1,p,voiceless,stressed
bi_aldrich,P52,pastoso,spanish,5,393.88,630.14,476.97,733.14,7.03,9.03,249.54,353.99,12.97,248.93,NA,1,p,voiceless,unstressed
bi_aldrich,P52,paso,spanish,5,403.13,625.4,528.67,748.77,10.7,11.38,384.32,847.57,7.42,67.65,NA,1,p,voiceless,stressed
bi_aldrich,P52,paco,spanish,5,404.91,642.62,518.98,715.94,8.38,10.09,355.46,497,10.2,143.71,NA,1,p,voiceless,stressed
bi_aldrich,P52,panza,spanish,5,407.02,639.38,520.09,745.79,7.09,8.67,299.17,651.86,8.2,86.91,NA,1,p,voiceless,stressed
bi_aldrich,P52,pandilla,spanish,5,429.96,635.96,508.57,746.43,8.35,10.7,294.29,755.89,7.55,74.4,NA,1,p,voiceless,unstressed
bi_aldrich,P52,pavor,spanish,5,380.23,597.92,486.47,664.63,9.52,12.16,474.32,624.21,9.99,131.63,NA,1,p,voiceless,unstressed
bi_aldrich,P52,paño,spanish,5,380.55,615.34,511.96,729.4,10.02,11.43,644.14,1198.83,4.61,25.48,NA,1,p,voiceless,stressed
bi_aldrich,P52,patria,spanish,5,400.03,634.26,464.51,735.28,8.03,6.64,351.23,505.82,14.14,251.17,NA,1,p,voiceless,stressed
bi_aldrich,P52,pasillo,spanish,5,382.05,681.09,474.53,769.8,8.03,6.62,259.58,490.36,11.12,168.29,NA,1,p,voiceless,unstressed
bi_aldrich,P52,pantera,spanish,5,409.58,627.27,478.82,732.76,15.16,11.61,617.02,934.42,5.76,44.05,NA,1,p,voiceless,unstressed
bi_aldrich,P52,pacto,spanish,5,365.86,640.25,546.34,723.06,7.09,13.02,296.86,303.16,15.95,410.29,NA,1,p,voiceless,stressed
bi_aldrich,P52,papel,spanish,5,427.33,610.25,493.48,666.22,11.24,11.54,620.69,1252.85,5.22,29.56,NA,1,p,voiceless,unstressed
bi_aldrich,P77,paprika,english,5,445.74,816.26,431.43,760.5,46.35,11.65,964.83,1666.82,3.65,14.88,NA,1,p,voiceless,unstressed
bi_aldrich,P77,passable,english,5,505.44,785.88,519.69,754.47,75.16,29.98,91.98,495.93,16.52,292.99,NA,1,p,voiceless,stressed
bi_aldrich,P77,patty,english,5,508.16,801.51,508.51,783.27,86.3,23.63,71.88,345.24,21.6,521.01,NA,1,p,voiceless,stressed
bi_aldrich,P77,pontoon,english,5,287.5,657.89,473.02,684.32,35.67,23.61,144.25,436.27,11.76,200.58,NA,1,p,voiceless,unstressed
bi_aldrich,P77,pomposity,english,5,176.95,616.68,448.96,587.81,60.84,13.08,255.88,1105.61,7.99,65.27,NA,1,p,voiceless,unstressed
bi_aldrich,P77,padlock,english,5,490.38,799.05,519.35,749.19,67.19,12.49,230.69,387.39,12.7,235.17,NA,1,p,voiceless,stressed
bi_aldrich,P77,passion,english,5,488.88,787.47,518.98,774.78,58.63,14.44,243.6,556.51,12.79,200.71,NA,1,p,voiceless,stressed
bi_aldrich,P77,pageant,english,5,497.3,824.84,509.79,798.68,68.75,15.97,3313.09,2650.87,0.8,0.12,NA,1,p,voiceless,stressed
bi_aldrich,P77,package,english,5,514.81,782.42,518.87,796.46,64.15,11.68,195.45,589.88,9.63,126.4,NA,1,p,voiceless,stressed
bi_aldrich,P77,paddle,english,5,507.77,803.48,535.92,747.27,77.6,32.68,250.49,1160.26,7.25,51.84,NA,1,p,voiceless,stressed
bi_aldrich,P77,pancake,english,5,337.12,887.53,442.32,891.37,59.05,13.2,373.68,774.13,5.61,46.39,NA,1,p,voiceless,stressed
bi_aldrich,P77,pontific,english,5,387.81,649.97,473.87,700.29,68.23,15.12,203.29,309.15,17.39,433.92,NA,1,p,voiceless,unstressed
bi_aldrich,P77,pander,english,5,343.95,936.99,430.35,862.49,87.72,22.01,200.2,714.97,11.82,146.43,NA,1,p,voiceless,stressed
bi_aldrich,P77,pacify,english,5,526.24,778.62,478.76,723.09,60.51,8.16,459.13,1216.11,5.78,39.35,NA,1,p,voiceless,stressed
bi_aldrich,P77,pompeii,english,5,392.76,665.3,457.74,643.96,42.1,12.67,226.91,311.89,16.27,384.22,NA,1,p,voiceless,unstressed
bi_aldrich,P77,pangaea,english,5,421.38,873.6,408.98,847.41,54.99,19.57,215.02,658.21,6.68,56.73,NA,1,p,voiceless,unstressed
bi_aldrich,P77,posterity,english,5,475.62,678.34,461.16,711.8,59.26,26.65,629.47,1997.05,4.77,21.45,NA,1,p,voiceless,unstressed
bi_aldrich,P77,pandemic,english,5,373.68,873.52,418.75,820.78,66.93,25.8,104.83,274.58,24.98,767.74,NA,1,p,voiceless,unstressed
bi_aldrich,P77,pasado,spanish,5,361.5,637.89,413.34,740.67,12.95,15.01,247.28,549.24,12.77,188.34,NA,1,p,voiceless,unstressed
bi_aldrich,P77,paja,spanish,5,434.84,672.26,499.96,708.73,13.08,14.9,334.94,647.88,9.59,114.67,NA,1,p,voiceless,stressed
bi_aldrich,P77,pantera,spanish,5,396.76,640.1,462.04,723.07,15.53,17.91,275.46,687.2,8.37,86.23,NA,1,p,voiceless,unstressed
bi_aldrich,P77,paco,spanish,5,415.8,654.39,482.84,707.25,13.24,12.65,242.03,386.4,14.82,329.59,NA,1,p,voiceless,stressed
bi_aldrich,P77,pandilla,spanish,5,314.39,660.29,445.82,735.82,11.71,15.11,617.14,1061.66,5.54,35.74,NA,1,p,voiceless,unstressed
bi_aldrich,P77,papel,spanish,5,410.77,677.77,438.56,692.31,13.68,13.28,237.98,315.77,15.04,338.86,NA,1,p,voiceless,unstressed
bi_aldrich,P77,pata,spanish,5,393.22,621.62,480.61,715.97,8.76,5.5,228.01,412.72,17.69,370.29,NA,1,p,voiceless,stressed
bi_aldrich,P77,pasión,spanish,5,408.28,670.55,430.42,738.67,13.1,13.94,482.72,958.04,7,56.39,NA,1,p,voiceless,unstressed
bi_aldrich,P77,patente,spanish,5,400.37,663.62,465.4,737.2,10.6,13.52,727,1140.3,4.36,26.33,NA,1,p,voiceless,unstressed
bi_aldrich,P77,patriota,spanish,5,429.53,673.75,474.13,738.09,17.38,17.87,377.1,689.34,7.73,86.73,NA,1,p,voiceless,unstressed
bi_aldrich,P77,paño,spanish,5,389.62,695.46,522.95,774.57,8.73,10.1,420.48,602.48,8.02,99.52,NA,1,p,voiceless,stressed
bi_aldrich,P77,pasillo,spanish,5,390.4,704.23,423.16,754.48,12.68,14.64,364.19,625.1,9.15,114.51,NA,1,p,voiceless,unstressed
bi_aldrich,P77,panza,spanish,5,408.87,653.86,510.81,711.11,11.86,13.67,190.1,502.25,12.96,221.05,NA,1,p,voiceless,stressed
bi_aldrich,P77,pacto,spanish,5,372.54,642.77,488.97,697.73,9.56,9.85,506.52,914.62,7.14,59.39,NA,1,p,voiceless,stressed
bi_aldrich,P77,patria,spanish,5,396.55,656.93,512.92,740.65,9.9,6.41,410.29,1081.06,6.01,39.8,NA,1,p,voiceless,stressed
bi_aldrich,P77,pastoso,spanish,5,432.91,679.07,458.02,730.63,8.84,7.08,348.51,609.61,10.34,135.61,NA,1,p,voiceless,unstressed
bi_aldrich,P77,paso,spanish,5,363.7,628.3,494.98,729.18,9.46,10.66,477.67,724.03,7.8,79.18,NA,1,p,voiceless,stressed
